<?xml version="1.0" encoding="UTF-8"?><project-modules id="moduleCoreId" project-version="1.5.0">
    <wb-module deploy-name="webOrganizer">
        <wb-resource deploy-path="/" source-path="/WebContent" tag="defaultRootSource"/>
        <wb-resource deploy-path="/WEB-INF/classes" source-path="/src"/>
        <dependent-module archiveName="library.jar" deploy-path="/WEB-INF/lib" handle="module:/resource/library/library">
            <dependency-type>uses</dependency-type>
        </dependent-module>
        <dependent-module archiveName="Meeting Organizer.jar" deploy-path="/WEB-INF/lib" handle="module:/resource/Meeting Organizer/Meeting Organizer">
            <dependency-type>uses</dependency-type>
        </dependent-module>
        <property name="java-output-path" value="/webOrganizer/build/classes"/>
        <property name="context-root" value="webOrganizer"/>
    </wb-module>
</project-modules>
