<?xml version="1.0" encoding="UTF-8"?>
<classpath>
	<classpathentry kind="src" path="src"/>
	<classpathentry kind="con" path="org.eclipse.jdt.launching.JRE_CONTAINER/org.eclipse.jdt.internal.debug.ui.launcher.StandardVMType/jre1.8.0_181">
		<attributes>
			<attribute name="owner.project.facets" value="java"/>
		</attributes>
	</classpathentry>
	<classpathentry kind="con" path="org.eclipse.jst.server.core.container/org.eclipse.jst.server.tomcat.runtimeTarget/Apache Tomcat v8.5">
		<attributes>
			<attribute name="owner.project.facets" value="jst.web"/>
		</attributes>
	</classpathentry>
	<classpathentry kind="con" path="org.eclipse.jst.j2ee.internal.web.container"/>
	<classpathentry kind="con" path="org.eclipse.jst.j2ee.internal.module.container"/>
	<classpathentry kind="lib" path="C:/Users/admin/Downloads/ojdbc6-11.2.0.3.jar">
		<attributes>
			<attribute name="org.eclipse.jst.component.dependency" value="/WEB-INF/lib"/>
		</attributes>
	</classpathentry>
	<classpathentry kind="lib" path="C:/Users/admin/Downloads/commons-logging-1.2.jar">
		<attributes>
			<attribute name="org.eclipse.jst.component.dependency" value="/WEB-INF/lib"/>
		</attributes>
	</classpathentry>
	<classpathentry kind="lib" path="C:/Users/admin/Downloads/commons-logging-1.2-javadoc.jar">
		<attributes>
			<attribute name="org.eclipse.jst.component.dependency" value="/WEB-INF/lib"/>
		</attributes>
	</classpathentry>
	<classpathentry kind="lib" path="C:/Users/admin/Downloads/log4j-1.2.17.jar">
		<attributes>
			<attribute name="org.eclipse.jst.component.dependency" value="/WEB-INF/lib"/>
		</attributes>
	</classpathentry>
	<classpathentry kind="output" path="build/classes"/>
</classpath>
